<?xml version="1.0" encoding="UTF-8" standalone="yes"?>
<module>
    <id>665e2918-1009-4f30-a2cb-bd69fb5d4d98</id>
    <name>665e2918-1009-4f30-a2cb-bd69fb5d4d98</name>
    <version>30.0.11529.5505</version>
    <intendedClient>Worker</intendedClient>
    <intendedPlatform>WINDOWS</intendedPlatform>
    <capability>AUTOMATION_SERVICES</capability>
    <configuration-files>
        <configuration-file>
            <module-path>root\Spotfire.Dxp.Worker.Host.exe.config</module-path>
        </configuration-file>
        <configuration-file>
            <module-path>root\Spotfire.Dxp.Worker.Core.config</module-path>
        </configuration-file>
        <configuration-file>
            <module-path>root\Spotfire.Dxp.Worker.Automation.config</module-path>
        </configuration-file>
        <configuration-file>
            <module-path>root\Spotfire.Dxp.Worker.Web.config</module-path>
        </configuration-file>
        <configuration-file>
            <module-path>root\log4net.config</module-path>
        </configuration-file>
    </configuration-files>
    <obsolete>false</obsolete>
    <webPlayerContentFolder>root</webPlayerContentFolder>
    <package-id>30b79f98-106b-44b3-8b83-b4490db52918</package-id>
</module>
