<?xml version="1.0" encoding="UTF-8" standalone="yes"?>
<module>
    <id>daac82e1-6a10-4bc7-8cab-a3f8586c91fb</id>
    <name>daac82e1-6a10-4bc7-8cab-a3f8586c91fb</name>
    <version>30.0.11529.5505</version>
    <intendedClient>Worker</intendedClient>
    <intendedPlatform>WINDOWS</intendedPlatform>
    <capability>WEB_PLAYER</capability>
    <configuration-files>
        <configuration-file>
            <module-path>root\Spotfire.Dxp.Worker.Host.exe.config</module-path>
        </configuration-file>
        <configuration-file>
            <module-path>root\Spotfire.Dxp.Worker.Core.config</module-path>
        </configuration-file>
        <configuration-file>
            <module-path>root\Spotfire.Dxp.Worker.Web.config</module-path>
        </configuration-file>
        <configuration-file>
            <module-path>root\log4net.config</module-path>
        </configuration-file>
    </configuration-files>
    <obsolete>false</obsolete>
    <webPlayerContentFolder>root</webPlayerContentFolder>
    <package-id>9ccbfee5-2d23-41b9-b496-575345590428</package-id>
</module>
