<?xml version="1.0" encoding="UTF-8" standalone="yes"?>
<module>
    <id>8c27439b-d72e-43c0-9b55-ab74b70496ff</id>
    <name>WebPlayerConfiguration</name>
    <version>25.12.10909.4309</version>
    <intendedClient>Worker</intendedClient>
    <intendedPlatform>WINDOWS</intendedPlatform>
    <capability>WEB_PLAYER</capability>
    <configuration-files>
        <configuration-file>
            <module-path>root\Spotfire.Dxp.Worker.Host.exe.config</module-path>
        </configuration-file>
        <configuration-file>
            <module-path>root\Spotfire.Dxp.Worker.Core.config</module-path>
        </configuration-file>
        <configuration-file>
            <module-path>root\Spotfire.Dxp.Worker.Web.config</module-path>
        </configuration-file>
        <configuration-file>
            <module-path>root\log4net.config</module-path>
        </configuration-file>
    </configuration-files>
    <obsolete>false</obsolete>
    <webPlayerContentFolder>root</webPlayerContentFolder>
    <package-id>9ccbfee5-2d23-41b9-b496-575345590428</package-id>
</module>
